title,department,openings,locations,all_locations,regions,remote_available
Quantity Surveyor,Not specified,2,"Sydney, Australia","Sydney, Australia",Not specified,No
"Analyst, Delivery",Not specified,1,"Hyderabad, India","Hyderabad, India",Not specified,No
"Analyst, Managed Services",Not specified,1,"Hyderabad, India","Hyderabad, India",Not specified,No
Applications Support Specialist (Remote),Not specified,1,3 Locations,3 Locations,Not specified,Yes
"Assistant Manager, Valuation Advisory",Not specified,1,"Hyderabad, India","Hyderabad, India",Not specified,No
Associate,Not specified,1,"Halifax, Nova Scotia","Halifax, Nova Scotia",Not specified,No
Associate Analyst,Not specified,1,633 - Casablanca,633 - Casablanca,Not specified,No
Automation Tester,Not specified,1,030 - Christchurch,030 - Christchurch,Not specified,No
Billing Coordinator,Not specified,1,"Hyderabad, India","Hyderabad, India",Not specified,No
"Business Director, ARGUS Software & Data",Not specified,1,3 Locations,3 Locations,Not specified,No
Conseiller(ère) en immobilier,Not specified,1,"Montréal, Québec","Montréal, Québec",Not specified,No
"Consultant, Advisory (Commercial Real Estate)",Not specified,1,"New York, New York","New York, New York",Not specified,No
Customer Success Manager (m/w/d),Not specified,1,"Frankfurt, Germany","Frankfurt, Germany",Not specified,No
Database Reliability Engineer,Not specified,1,"Hyderabad, India","Hyderabad, India",Not specified,No
Directeur(rice),Not specified,1,"Montréal, Québec","Montréal, Québec",Not specified,No
Engineer III,Not specified,1,030 - Christchurch,030 - Christchurch,Not specified,No
Senior Engineer I,Not specified,1,030 - Christchurch,030 - Christchurch,Not specified,No
Senior Quantity Surveyor,Not specified,1,"Sydney, Australia","Sydney, Australia",Not specified,No
"Sr. Analyst, Advisory",Not specified,1,835 -  New York,835 -  New York,Not specified,No
Stage Customer Success Manager - Italian speaker,Not specified,1,2 Locations,2 Locations,Not specified,No
Stage/Internship – Consultant en finances locales - Paris,Not specified,1,"Paris, France","Paris, France",Not specified,No
Stagiaire Consultant en gestion de la dette (Finance Active),Not specified,1,"Paris, France","Paris, France",Not specified,No
Stagiaire Ingénieur Commercial (Finance Active),Not specified,1,2 Locations,2 Locations,Not specified,No
"Team Lead, Managed Services",Not specified,1,"Hyderabad, India","Hyderabad, India",Not specified,No
