title,department,location,posting_date,remote,region,url
Senior Associate Customer Success Manager - Paradox,Not specified,2 Locations,Posted Today,No,Not specified,https://workday.wd5.myworkdayjobs.com/Workday/job/USA-IL-Chicago/Senior-Associate-Customer-Success-Manager---Paradox_JR-0102491
Account Executive - Medium Enterprise,Not specified,MEX.Mexico City,Posted Today,No,Not specified,https://workday.wd5.myworkdayjobs.com/Workday/job/MEXMexico-City/Account-Executive---Medium-Enterprise_JR-0100028
Senior People Consultant,Not specified,2 Locations,Posted Today,No,Not specified,https://workday.wd5.myworkdayjobs.com/Workday/job/Poland-Home-Office/Sr-People-Consultant_JR-0099884
Executive Assistant,Not specified,"USA, CA, Pleasanton",Posted Today,No,Not specified,https://workday.wd5.myworkdayjobs.com/Workday/job/USA-CA-Pleasanton/Executive-Assistant_JR-0099858
HCM Functional Consultant,Not specified,19 Locations,Posted Today,No,Not specified,https://workday.wd5.myworkdayjobs.com/Workday/job/USA-UT-Salt-Lake-City/HCM-Functional-Consultant_JR-0103137-1
"Software Development Engineer, SRE (US Federal)",Not specified,"USA, CO, Boulder",Posted Today,No,Not specified,https://workday.wd5.myworkdayjobs.com/Workday/job/USA-CO-Boulder/Software-Development-Engineer--SRE--US-Federal-_JR-0102592
Legal AI Product Specialist / Sr Legal AI Product Specialist - Evisort AI,Not specified,3 Locations,Posted Today,No,Not specified,https://workday.wd5.myworkdayjobs.com/Workday/job/Canada-BC-Vancouver/Legal-AI-Product-Specialist---Sr-Legal-AI-Product-Specialist---Evisort-AI_JR-0103429
"Sr Director, Business Evolution Business Architecture",Not specified,"USA, CA, Pleasanton",Posted Today,No,Not specified,https://workday.wd5.myworkdayjobs.com/Workday/job/USA-CA-Pleasanton/Sr-Director--Business-Evolution-Business-Architecture_JR-0103254
LLM Software Engineer,Not specified,"Israel, Tel Aviv",Posted Today,No,Not specified,https://workday.wd5.myworkdayjobs.com/Workday/job/Israel-Tel-Aviv/LLM-Software-Engineer_JR-0102898
Healthcare - HCM and Compensation Principal Consultant,Not specified,71 Locations,Posted Today,No,Not specified,https://workday.wd5.myworkdayjobs.com/Workday/job/USA-GA-Atlanta/Healthcare---HCM-and-Compensation-Principal-Consultant_JR-0103051
"Supply Chain (SCM) Implementation Consultant, Senior Consultant (Healthcare Industry)",Not specified,73 Locations,Posted Today,No,Not specified,https://workday.wd5.myworkdayjobs.com/Workday/job/USA-PA-Remote/Supply-Chain--SCM--Implementation-Consultant--Senior-Consultant--Healthcare-Industry-_JR-0103053
Technical Project Manager - Hiredscore,Not specified,Costa Rica,Posted Today,No,Not specified,https://workday.wd5.myworkdayjobs.com/Workday/job/Costa-Rica/Technical-Project-Manager---Hiredscore_JR-0103362-1
Account Executive Medium Enterprise,Not specified,"Spain, Madrid",Posted Today,No,Not specified,https://workday.wd5.myworkdayjobs.com/Workday/job/Spain-Madrid/Account-Executive-Medium-Enterprise_JR-0103416
Sr Software Development Engineer - ML Ops,Not specified,"Ireland, Dublin",Posted Today,No,Not specified,https://workday.wd5.myworkdayjobs.com/Workday/job/Ireland-Dublin/Sr-Software-Development-Engineer---ML-Ops_JR-0102962
Financials Strategist,Not specified,"Japan, Tokyo",Posted Today,No,Not specified,https://workday.wd5.myworkdayjobs.com/Workday/job/Japan-Tokyo/Financials-Strategist_JR-0103243
Software Development Engineer-Adobe Experience Manager,Not specified,IND.Pune,Posted Today,No,Not specified,https://workday.wd5.myworkdayjobs.com/Workday/job/INDPune/Software-Development-Engineer_JR-0103037
Product Manager / Sr Product Manager - Evisort AI,Not specified,2 Locations,Posted Yesterday,No,Not specified,https://workday.wd5.myworkdayjobs.com/Workday/job/Canada-BC-Vancouver/Product-Manager---Sr-Product-Manager---Evisort-AI_JR-0103398
Software Development Engineer- Professional Services(Python),Not specified,Costa Rica,Posted Yesterday,No,Not specified,https://workday.wd5.myworkdayjobs.com/Workday/job/Costa-Rica/Software-Development-Engineer--Professional-Services-Python-_JR-0102074
"Manager, Technical Consulting - HiredScore",Not specified,Costa Rica,Posted Yesterday,No,Not specified,https://workday.wd5.myworkdayjobs.com/Workday/job/Costa-Rica/Manager--Technical-Consulting---HiredScore_JR-0102018
Associate Software Engineer - Professional Services(Python),Not specified,Costa Rica,Posted Yesterday,No,Not specified,https://workday.wd5.myworkdayjobs.com/Workday/job/Costa-Rica/Senior-Associate-Software-Engineer---Professional-Services-Python-_JR-0102072
"Manager, Software Development Engineering",Not specified,Costa Rica,Posted Yesterday,No,Not specified,https://workday.wd5.myworkdayjobs.com/Workday/job/Costa-Rica/Manager--Software-Development-Engineering_JR-0102017
Senior Delivery Manager - HiredScore,Not specified,Costa Rica,Posted Yesterday,No,Not specified,https://workday.wd5.myworkdayjobs.com/Workday/job/Costa-Rica/Senior-Delivery-Manager---HiredScore_JR-0102019
Senior Solution Consultant HCM,Not specified,"Spain, Madrid",Posted Yesterday,No,Not specified,https://workday.wd5.myworkdayjobs.com/Workday/job/Spain-Madrid/Senior--Solution-Consultant-HCM---Presales-Iberia_JR-0102759
"Large Enterprise Account Executive, Customer Base FSI",Not specified,4 Locations,Posted Yesterday,No,Not specified,https://workday.wd5.myworkdayjobs.com/Workday/job/USA-MA-Boston/Large-Enterprise-Account-Executive--Customer-Base-FSI_JR-0102470
Sr. ServiceNow Application Engineer,Not specified,3 Locations,Posted Yesterday,No,Not specified,https://workday.wd5.myworkdayjobs.com/Workday/job/USA-CA-Pleasanton/Sr-ServiceNow-Application-Engineer_JR-0099682
Sr. Solution Consultant - HCM,Not specified,3 Locations,Posted Yesterday,No,Not specified,https://workday.wd5.myworkdayjobs.com/Workday/job/USA-CA-Home-Office/Solution-Consultant---Large-Enterprise--HCM_JR-0096958
Senior/Principal Machine Learning Engineer,Not specified,3 Locations,Posted Yesterday,No,Not specified,https://workday.wd5.myworkdayjobs.com/Workday/job/USA-CA-Pleasanton/Senior-Principal-Machine-Learning-Engineer_JR-0102782
Regional Sales Director - Large Enterprise - Customer Base,Not specified,"USA, NY, New York City",Posted Yesterday,No,Not specified,https://workday.wd5.myworkdayjobs.com/Workday/job/USA-NY-New-York-City/Regional-Sales-Director_JR-0099815
"Product Manager, Talent Acquisition",Not specified,"USA, GA, Atlanta",Posted Yesterday,No,Not specified,https://workday.wd5.myworkdayjobs.com/Workday/job/USA-GA-Atlanta/Product-Manager--Talent-Acquisition_JR-0103110-1
"Principal, Finance Transformation Adoption",Not specified,"USA, GA, Atlanta",Posted Yesterday,No,Not specified,https://workday.wd5.myworkdayjobs.com/Workday/job/USA-GA-Atlanta/Principal--Finance-Transformation-Adoption_JR-0103264
"Chief of Staff, Global Services",Not specified,16 Locations,Posted Yesterday,No,Not specified,https://workday.wd5.myworkdayjobs.com/Workday/job/USA-IL-Chicago/Chief-of-Staff--Global-Services_JR-0102950
Integrations Consultant,Not specified,2 Locations,Posted Yesterday,No,Not specified,https://workday.wd5.myworkdayjobs.com/Workday/job/Poland-Warsaw/Integrations-Consultant_JR-0103369
Senior Technical Consultant - Data Conversion,Not specified,2 Locations,Posted Yesterday,No,Not specified,https://workday.wd5.myworkdayjobs.com/Workday/job/USA-UT-Salt-Lake-City/Senior-Technical-Consultant---Data-Conversion_JR-0103289
Senior People Business Partner - Pune,Not specified,IND.Pune,Posted Yesterday,No,Not specified,https://workday.wd5.myworkdayjobs.com/Workday/job/INDPune/Senior-People-Business-Partner---Pune_JR-0101770
Program Manager - Dublin Site Operations,Not specified,"Ireland, Dublin",Posted Yesterday,No,Not specified,https://workday.wd5.myworkdayjobs.com/Workday/job/Ireland-Dublin/Program-Manager---Dublin-Site-Operations_JR-0103000
Sr. Infrastructure Engineer,Not specified,IND.Pune,Posted Yesterday,No,Not specified,https://workday.wd5.myworkdayjobs.com/Workday/job/INDPune/Sr-Infrastructure-Engineer_JR-0102938
"Principal HCM Consultant, State & Local Government",Not specified,USA Remote,Posted 2 Days Ago,Yes,Not specified,https://workday.wd5.myworkdayjobs.com/Workday/job/USA-Remote/Principal-HCM-Consultant--State---Local-Government_JR-0103353-1
"Account Executive - Medium Enterprise, UKI Public Services",Not specified,"GBR, Remote",Posted 2 Days Ago,Yes,Not specified,https://workday.wd5.myworkdayjobs.com/Workday/job/GBR-Remote/Account-Executive---Medium-Enterprise--UKI-Public-Services_JR-0101989
Sr Associate Software Development Engineer - DevOps/Cloud Engineer,Not specified,IND.Chennai,Posted 2 Days Ago,No,Not specified,https://workday.wd5.myworkdayjobs.com/Workday/job/INDChennai/Sr-Associate-Software-Development-Engineer---DevOps-Cloud-Engineer_JR-0102552
Customer Success Manager,Not specified,"India, Mumbai",Posted 2 Days Ago,No,Not specified,https://workday.wd5.myworkdayjobs.com/Workday/job/India-Mumbai/Customer-Success-Manager_JR-0102333
